1;Gabriel;ilpsckkh@outlook.com;50
2;Paul;pchlyaex@yahoo.com;90
3;Jeremy;ewctanrn@hotmail.com;93
4;Sarah;uyfrberw@hotmail.com;63
5;Max;xcnxmpjg@gmail.com;23
6;Regina;wtlfmrni@gmail.com;73
7;Danny;yizygqye@gmail.com;65
8;Stacy;femyolcu@hotmail.com;92
9;Nancy;qvplbtud@hotmail.com;63
10;Rebecca;lfkzovoq@gmail.com;92
11;Phillip;mzvqhkwm@gmail.com;36
12;Jonathan;eybxazlx@gmail.com;52
13;Mike;svongalt@hotmail.com;40
14;Kevin;wowcbgvl@hotmail.com;64
15;Kevin;hhxhggfa@outlook.com;55
16;James;kphzxzdy@hotmail.com;76
17;Kenneth;irtcvftp@outlook.com;42
18;John;lvjfweyt@outlook.com;44
19;Thomas;jckkqxez@yahoo.com;32
20;Amy;arznnlhy@yahoo.com;58
21;Catherine;tzttjevi@gmail.com;67
22;Brianna;xortfmdu@gmail.com;78
23;Andrew;qnptwrvv@gmail.com;93
24;Jessica;jicviedv@gmail.com;82
25;Michelle;goicnyhd@hotmail.com;61
26;Wayne;qbttqxyl@outlook.com;76
27;Barbara;lukwkapw@yahoo.com;68
28;Samantha;wwowkrmu@gmail.com;24
29;Phyllis;kwajzevu@gmail.com;19
30;Jennifer;erkrnhix@outlook.com;80
31;Michele;buksiors@yahoo.com;43
32;Jerry;hvvzsegb@hotmail.com;89
33;Dawn;oxpraewy@outlook.com;37
34;Andre;bvlisyko@gmail.com;43
35;Ryan;fvzanuzm@hotmail.com;27
36;Jennifer;atztopzx@outlook.com;18
37;Troy;umzksahd@hotmail.com;80
38;Amber;mwylogvt@hotmail.com;42
39;Nicholas;xehiakqc@hotmail.com;20
40;Nicholas;ktkncebm@outlook.com;75
41;Daniel;ymsjlpnq@gmail.com;36
42;Megan;ichevymu@yahoo.com;92
43;Benjamin;hoilxdjc@hotmail.com;28
44;Anthony;zazmxboo@yahoo.com;38
45;Jessica;gaihiwae@hotmail.com;86
46;Michael;hofkbukn@outlook.com;50
47;Alexander;xvlzpnbz@hotmail.com;34
48;Robert;dnnkeqaw@hotmail.com;47
49;David;fuppnyys@outlook.com;17
50;Daniel;njjtmywc@hotmail.com;23
51;Stephanie;phjxadnl@yahoo.com;27
52;James;ukpkxfwi@gmail.com;85
53;Timothy;rvjzitru@hotmail.com;75
54;Linda;eseiskhb@yahoo.com;51
55;Amanda;hotxiksw@hotmail.com;29
56;Michelle;tuwjjogd@yahoo.com;49
57;Robert;fdvivjmh@outlook.com;76
58;Thomas;itqfmyab@hotmail.com;56
59;Cathy;wnpftoli@yahoo.com;35
60;Tamara;glzcitze@yahoo.com;27
61;Hunter;gvdwxrut@yahoo.com;72
62;Jasmine;dgamvfsn@gmail.com;37
63;Sarah;viqsjupz@yahoo.com;60
64;Amy;mugrbggl@hotmail.com;57
65;Scott;avqbbgnr@hotmail.com;19
66;Timothy;mtiepswk@hotmail.com;28
67;Joshua;tronlkbr@hotmail.com;69
68;Cassandra;nrunsjiv@gmail.com;89
69;Henry;hrtuqsfz@hotmail.com;42
70;Jonathan;uweplwoy@outlook.com;73
71;Cheryl;wchfpszi@gmail.com;58
72;Tammy;ldewygfu@gmail.com;45
73;Crystal;muvzlopf@yahoo.com;54
74;Brandon;kwwqcbmm@outlook.com;25
75;Nancy;wtwxiflc@gmail.com;53
76;Pamela;wjlfttyd@outlook.com;24
77;Kenneth;bzvrchcv@yahoo.com;82
78;Kevin;vszojpju@hotmail.com;38
79;Wendy;notbbivw@gmail.com;53
80;Craig;abmuevda@gmail.com;21
81;Brooke;wgoshjdc@outlook.com;54
82;David;shmajlnf@hotmail.com;94
83;Rachel;mcompggo@outlook.com;60
84;Kaitlyn;pcjpbtyf@yahoo.com;82
85;Pamela;onpkpmoy@hotmail.com;81
86;Gabriela;aojnycbq@gmail.com;36
87;Kaitlyn;kjhsuqht@yahoo.com;78
88;James;sccvuejq@yahoo.com;37
89;Henry;tebgfxqu@hotmail.com;46
90;Joshua;gwgqzlmb@hotmail.com;81
91;Jennifer;stikbeaq@gmail.com;44
92;Jacqueline;fjofkvci@outlook.com;89
93;Stephanie;piymxxvj@outlook.com;32
94;Alexander;wjxzdobh@gmail.com;33
95;Whitney;kigqhpwu@outlook.com;91
96;Shawn;plnnujqh@hotmail.com;72
97;Ashley;zoshzjzy@hotmail.com;81
98;Diana;yubrrdvu@gmail.com;60
99;Jonathan;qarewwpj@yahoo.com;40
100;Adam;gcluvxcs@outlook.com;38
101;Jessica;jtvhexpa@gmail.com;49
102;Raymond;oqwzcnnk@hotmail.com;22
103;Katherine;xjtlptmg@outlook.com;31
104;Jennifer;lgzadpuc@hotmail.com;55
105;Willie;vhxkxokw@yahoo.com;17
106;Mark;oshazlmf@gmail.com;53
107;Carl;btlusxtb@hotmail.com;36
108;Danielle;duzbiopa@outlook.com;92
109;Peter;osxuhlhm@gmail.com;30
110;Erica;zbsacuei@hotmail.com;50
111;Robert;kbqbzelw@hotmail.com;77
112;Natasha;rryktpss@outlook.com;24
113;Thomas;xjqyqzlp@outlook.com;55
114;Rachel;ynofjbpk@yahoo.com;50
115;Mary;xuhnqsib@gmail.com;64
116;April;mbsanfcf@outlook.com;15
117;Craig;unghlyop@outlook.com;56
118;Donald;payyvkes@yahoo.com;18
119;David;ecebtkme@hotmail.com;61
120;Judith;yynqdakd@yahoo.com;15
121;Kerri;sgbmrxof@yahoo.com;25
122;Monica;fvzsdqjs@outlook.com;86
123;Anthony;ozbniudu@hotmail.com;45
124;Alyssa;rbhdpgio@gmail.com;18
125;Ashley;vnviydse@gmail.com;74
126;Misty;askenyta@outlook.com;49
127;Jennifer;jdkgtrmw@outlook.com;41
128;Joanna;gprcrcpy@outlook.com;16
129;Rachael;loxwtgaz@gmail.com;87
130;Michael;mrrfllry@yahoo.com;44
131;Audrey;uszzjduk@gmail.com;38
132;Jenna;ajfejrwc@outlook.com;27
133;Shawn;vhsjrdtd@gmail.com;40
134;Leslie;ttfzcmjv@outlook.com;16
135;Trevor;wfapphpg@outlook.com;51
136;Ashley;vjjbzqjj@gmail.com;32
137;Hannah;dgdmjtyq@gmail.com;38
138;Carrie;hkmaawal@outlook.com;27
139;Courtney;qbwfcqdr@outlook.com;72
140;Sabrina;gugzapyc@gmail.com;72
141;Ruth;usgnxihn@gmail.com;86
142;Diamond;paecnntk@outlook.com;54
143;Justin;ifrbitag@outlook.com;61
144;Brandon;ygtkmkzl@outlook.com;84
145;Matthew;urltqwdh@outlook.com;27
146;Jennifer;gzzhkwcc@yahoo.com;67
147;Daniel;mwjjgwhw@gmail.com;48
148;Diana;dcjyhhrv@hotmail.com;73
149;Kathleen;zbuelcdw@outlook.com;33
150;Brenda;igtikcvj@yahoo.com;86
151;Michael;nhzacrxd@outlook.com;71
152;Maria;zembznuh@gmail.com;86
153;Julia;vlwzbapz@outlook.com;82
154;Eric;qocktuag@outlook.com;70
155;Justin;rbvyzash@outlook.com;55
156;Barry;bsdetopb@outlook.com;88
157;Felicia;cmrykewc@gmail.com;44
158;Sarah;lessxcsl@yahoo.com;72
159;Kimberly;kelzgrri@yahoo.com;46
160;Jimmy;jkiszqif@yahoo.com;19
161;Samantha;qcaemsya@hotmail.com;20
162;Joann;cuxhjohd@outlook.com;51
163;Trevor;vrjlpmqw@yahoo.com;90
164;Vanessa;oxmtlicv@hotmail.com;75
165;Keith;xbjjawls@gmail.com;90
166;Jose;qftszovi@gmail.com;49
167;Carolyn;cvgddwbs@outlook.com;49
168;Troy;tqvndzwc@hotmail.com;73
169;Jane;pfrjbeol@hotmail.com;37
170;Belinda;wfmjedjt@hotmail.com;54
171;Sara;bhzvrcki@hotmail.com;85
172;Robin;mbxktkek@outlook.com;22
173;Stephanie;pxvfwvob@gmail.com;62
174;Wesley;wsdqmpxa@outlook.com;74
175;Todd;rxcxbcef@yahoo.com;48
176;David;ckapncak@outlook.com;16
177;Lance;hmyrhfdw@yahoo.com;26
178;Zachary;ksqcxlny@hotmail.com;91
179;Daniel;qmrrulfo@yahoo.com;74
180;Danielle;usmgvojq@hotmail.com;68
181;Mark;vmdzakqo@yahoo.com;20
182;Ronald;sdrqpcol@hotmail.com;23
183;Cristina;xciamzmh@yahoo.com;16
184;Susan;bkninmlp@gmail.com;20
185;John;xafyazab@outlook.com;62
186;Alfred;bdgmzncw@gmail.com;37
187;Jay;kfklejrx@yahoo.com;69
188;Elizabeth;gthjpcja@outlook.com;32
189;Gina;vzrnqnnx@yahoo.com;92
190;Sean;ewmpitmk@gmail.com;58
191;Cassandra;zktbhacd@yahoo.com;87
192;Sheri;scmddurh@gmail.com;45
193;Troy;ohvbramo@gmail.com;83
194;Meredith;fvhblzpl@yahoo.com;86
195;Geoffrey;gmdopvjl@hotmail.com;55
196;Michelle;rsghtqzs@yahoo.com;73
197;Stacie;edqstqsu@hotmail.com;67
198;James;lhcblook@gmail.com;48
199;Christopher;ouaizizx@outlook.com;80
200;Amber;iizrepla@gmail.com;83
201;Jennifer;cxvoraxa@hotmail.com;77
202;Yvonne;bhkkpvkm@gmail.com;28
203;Kayla;ezfoymdw@yahoo.com;16
204;Jack;eykrbbvk@outlook.com;81
205;Michael;qinhkwck@gmail.com;80
206;Ryan;qjhjysft@gmail.com;61
207;Amber;jllbeayg@outlook.com;69
208;Cheryl;ccfdbjhl@hotmail.com;15
209;Heidi;psdocmru@yahoo.com;29
210;Trevor;knjxcxgu@gmail.com;18
211;Diane;okqmydze@yahoo.com;80
212;Jason;kzzdywrr@gmail.com;39
213;Sara;eqgjqcaz@hotmail.com;76
214;Brian;dnfzpvls@gmail.com;31
215;Anthony;wbafkryi@gmail.com;67
216;Travis;xsqhshxf@yahoo.com;19
217;Danny;ierygjvc@outlook.com;63
218;Scott;tsmyeubk@outlook.com;32
219;Melissa;mvtlbbwo@hotmail.com;39
220;Melissa;cbdvzphq@gmail.com;79
221;Matthew;ulyjdifg@hotmail.com;42
222;Ashley;zgytsqfg@outlook.com;27
223;James;hgvffnbi@gmail.com;72
224;Tyler;slpuhbfo@hotmail.com;68
225;Brett;rqvljvei@yahoo.com;81
226;Joshua;muhefxis@gmail.com;73
227;Molly;gcewhcrj@hotmail.com;89
228;Lauren;amjomysv@hotmail.com;52
229;Nicholas;bfsgvhpn@yahoo.com;64
230;Stacey;zferkxtq@gmail.com;93
231;Sarah;qxzlhzkq@hotmail.com;75
232;Jay;fbyoumpp@hotmail.com;56
233;Travis;jchdlgoo@gmail.com;36
234;Whitney;farwtotl@outlook.com;32
235;John;njpxvgin@gmail.com;56
236;Nicole;ljahktda@yahoo.com;89
237;Carolyn;mmcahuxc@hotmail.com;59
238;Amanda;lgiqplqq@gmail.com;70
239;Ann;mbpvsset@yahoo.com;54
240;Reginald;ifqpyccn@hotmail.com;44
241;Kimberly;qshhpmup@outlook.com;67
242;William;bebzlbcb@outlook.com;28
243;Robert;fgarfcwr@yahoo.com;54
244;Antonio;nlhzgyaq@hotmail.com;83
245;Becky;netpqnyb@outlook.com;63
246;Jonathan;vclipiwl@yahoo.com;53
247;Kelly;gmyvvngx@outlook.com;24
248;Madison;ophyzkwu@gmail.com;83
249;Shawn;uqdeoobw@hotmail.com;92
250;Steven;jaictdrh@yahoo.com;44
251;Sarah;dbqtowvi@outlook.com;52
252;Shannon;pvnspfga@hotmail.com;48
253;Jennifer;onjcdkvn@hotmail.com;44
254;Matthew;npctitdv@hotmail.com;90
255;Sharon;oqutwnbk@hotmail.com;34
256;Erin;cfqaizij@yahoo.com;64
257;Marissa;rqjvpuqp@hotmail.com;43
258;Robert;dfkofivy@gmail.com;88
259;Troy;klhkmgbf@outlook.com;46
260;Melanie;dchhcsxk@gmail.com;15
261;James;esncwymc@gmail.com;66
262;Deborah;jywmkbhi@outlook.com;94
263;Robert;qyzazcne@yahoo.com;56
264;Bryan;imzygsfu@gmail.com;74
265;Christian;yzjopxij@hotmail.com;32
266;Ellen;kwxoafkw@outlook.com;60
267;Jeffrey;nyfsjocz@yahoo.com;42
268;Johnny;dywtguaa@hotmail.com;77
269;David;rirylhvr@yahoo.com;66
270;Brian;kmmykeiw@hotmail.com;69
271;Kelly;qzsdymej@outlook.com;34
272;Stephanie;bmqsicil@yahoo.com;53
273;David;jrrmvdue@hotmail.com;81
274;Anita;cltqojfx@gmail.com;22
275;Samantha;ogqzaddn@outlook.com;54
276;Melissa;qwiuwtjs@gmail.com;15
277;Shannon;cekaagbp@hotmail.com;75
278;Linda;dsnsuwrd@outlook.com;18
279;Mark;ugpstife@hotmail.com;87
280;Katie;urswekei@yahoo.com;36
281;Heather;wiogzgdv@outlook.com;18
282;Brianna;ulcvympz@hotmail.com;22
283;Sarah;kbfmlywa@outlook.com;75
284;Tonya;pzvlnumn@outlook.com;34
285;Crystal;dzodmtrk@hotmail.com;95
286;Eric;bptyyizh@gmail.com;61
287;Caitlin;dessvddx@gmail.com;85
288;Anthony;hhsulhgl@gmail.com;33
289;Gail;qlxmykpb@hotmail.com;72
290;Patrick;kevjbymu@outlook.com;22
291;Edward;ikaknmvg@hotmail.com;18
292;Kyle;pdjzksvq@hotmail.com;83
293;Veronica;orjiyegp@gmail.com;70
294;Philip;nlnsnhim@hotmail.com;90
295;Mary;hwyozbpa@gmail.com;71
296;Jeffrey;nqdkidhf@yahoo.com;79
297;Angela;yudvwgfc@yahoo.com;22
298;Amy;ikjrcpny@yahoo.com;91
299;Heather;gwlildig@hotmail.com;51
300;Jennifer;nzxdeugc@outlook.com;92
301;Alyssa;eebectru@hotmail.com;33
302;Robert;acohkllq@hotmail.com;73
303;Ann;axunpjsw@yahoo.com;86
304;Ryan;xuicrlab@outlook.com;80
305;James;dmocckmm@outlook.com;69
306;Gregory;yufklwyo@yahoo.com;83
307;Kevin;yrsnhrgn@outlook.com;68
308;Randy;rwgcihyg@yahoo.com;93
309;Melanie;oqqyphxm@yahoo.com;83
310;Amanda;hbmrmvag@hotmail.com;55
311;Keith;wfwqcvbc@hotmail.com;88
312;Samantha;gyoqdwlx@hotmail.com;43
313;Mary;nqwljwgf@hotmail.com;84
314;Hailey;vgqosvca@hotmail.com;56
315;Rebecca;yuloifvk@yahoo.com;67
316;Mary;ahwfhwsf@yahoo.com;60
317;Marc;dpdxqpqo@yahoo.com;85
318;Michael;jzvbvegq@yahoo.com;92
319;Jose;rrqfrrcv@outlook.com;91
320;Traci;ewskfsqt@outlook.com;81
321;Samantha;oxujfrgy@yahoo.com;15
322;Matthew;lkoubcxl@hotmail.com;46
323;Tiffany;eyceiiul@gmail.com;74
324;Danny;xjndbwcq@outlook.com;47
325;Karen;uouabyov@gmail.com;57
326;Robert;bqvpcbcz@outlook.com;63
327;Adam;xspnqnzo@yahoo.com;52
328;Dylan;ymgajcin@outlook.com;84
329;Kathleen;ftggidgc@yahoo.com;92
330;Douglas;ibletgax@hotmail.com;70
331;Teresa;amknnbzs@gmail.com;58
332;Devin;ykvksqrd@yahoo.com;62
333;Colleen;jrrubnuz@gmail.com;85
334;Robin;qffkcgcv@yahoo.com;20
335;Laura;ahccxsxs@yahoo.com;20
336;Steven;uaxiilft@outlook.com;31
337;Kristin;rtelaonb@yahoo.com;44
338;Melissa;mlmktuar@yahoo.com;60
339;Daniel;nlnubwqq@outlook.com;84
340;Emily;wkqektzt@hotmail.com;84
341;Carl;bdpoxwsy@hotmail.com;53
342;Brett;eirqzboc@yahoo.com;51
343;Dylan;nfdehfdi@outlook.com;62
344;Hector;hmxltyeg@hotmail.com;79
345;Tracy;rdnwexkq@hotmail.com;48
346;Brian;kbvgjckg@gmail.com;89
347;Jared;wqclazcx@hotmail.com;17
348;Kimberly;jepotghh@hotmail.com;32
349;Rachel;poshmllo@hotmail.com;94
350;Brenda;drdpudkm@hotmail.com;51
351;Wayne;mcqfrbil@yahoo.com;34
352;Isaiah;whesjvts@gmail.com;88
353;Amy;altfmiwy@outlook.com;90
354;Deborah;kzsbosjc@outlook.com;81
355;Jasmine;dsjvijpv@hotmail.com;31
356;Edward;jknpzzjc@outlook.com;82
357;Omar;nquhgueq@hotmail.com;32
358;Ricky;cmkudogi@outlook.com;53
359;Catherine;atvwxkev@hotmail.com;30
360;Mariah;rfimorgm@outlook.com;47
361;Patrick;qlwojcpp@outlook.com;72
362;Madison;ymorwagp@gmail.com;61
363;Gregory;sjbajdnd@gmail.com;72
364;Natalie;xgdaqwis@outlook.com;49
365;Maria;xfialjxp@gmail.com;76
366;Audrey;zxnrpftw@hotmail.com;37
367;Jeremiah;rhbwmkrg@outlook.com;34
368;Cassandra;tgzphegl@gmail.com;43
369;Calvin;kxedwxgy@gmail.com;23
370;Sharon;dseogbky@outlook.com;54
371;David;ugkxltlt@gmail.com;82
372;James;qdbudchn@yahoo.com;41
373;Tammy;uahaqngy@yahoo.com;51
374;Robert;zaohbegx@yahoo.com;76
375;Michelle;rozfbukz@yahoo.com;72
376;Vanessa;hwzudont@hotmail.com;72
377;Jason;mqcnfjpa@hotmail.com;28
378;Megan;lpbgmxno@yahoo.com;90
379;Marie;cwqhfhcj@outlook.com;43
380;Mark;fhdcadim@gmail.com;81
381;Nicholas;upssyssf@yahoo.com;49
382;Daniel;vbmxbkmk@outlook.com;76
383;Patrick;iethqnji@yahoo.com;42
384;Jonathan;zorrmatm@yahoo.com;43
385;Peter;lnjhorjw@outlook.com;40
386;Alex;ujsciele@yahoo.com;68
387;Kimberly;zkauzzdq@yahoo.com;71
388;Julie;drhwxjvb@hotmail.com;59
389;Drew;tzjidaod@gmail.com;89
390;Brittany;javckmdk@yahoo.com;82
391;Jon;maljxjlq@outlook.com;58
392;Rhonda;juunhpje@hotmail.com;25
393;Jesse;isukvxcg@outlook.com;29
394;Jaime;upckrbwn@gmail.com;62
395;Sandra;nadfpptr@yahoo.com;92
396;Donna;oadqoxrm@yahoo.com;90
397;Amy;gjebumoc@outlook.com;21
398;William;jlzpmuvp@outlook.com;22
399;Christopher;kyhctmrm@outlook.com;61
400;Michael;vcydjvsh@hotmail.com;70
401;Eric;fbypplba@yahoo.com;24
402;Joseph;isejdbvx@yahoo.com;60
403;Colleen;pxozdvcn@outlook.com;56
404;Victor;kktwrubl@yahoo.com;79
405;Jamie;nwibhzdg@gmail.com;55
406;Jonathan;dtviwsad@hotmail.com;39
407;Tyler;khhkqate@yahoo.com;40
408;Donald;jlsaaioj@outlook.com;31
409;Lisa;enpaufai@yahoo.com;53
410;Christopher;fokzxwmu@yahoo.com;21
411;Timothy;zuiqqcec@gmail.com;62
412;Brenda;hfogrcog@yahoo.com;87
413;Brittany;hsjkaxca@hotmail.com;29
414;Timothy;zegxbaom@hotmail.com;49
415;Nicole;xtevcxra@yahoo.com;25
416;Andrea;yelvrbfp@gmail.com;87
417;Brian;iccurqkq@yahoo.com;68
418;Bryan;mvuzvkhl@outlook.com;65
419;Melody;lgbclfup@gmail.com;69
420;Harry;qddncbcm@outlook.com;42
421;Megan;kqxqsnjf@yahoo.com;94
422;Joshua;ysabxtrq@hotmail.com;22
423;Lindsay;zocszwej@yahoo.com;33
424;Jennifer;hthetmab@hotmail.com;56
425;Donna;pbegfrhe@yahoo.com;72
426;Jeffrey;zszughyp@outlook.com;75
427;Tiffany;kntroyrj@yahoo.com;57
428;Rick;odpuojcz@outlook.com;34
429;Steven;lonirkst@outlook.com;56
430;Hayden;wbrwmwyz@hotmail.com;64
431;Kevin;zopwuter@gmail.com;21
432;Corey;jwnizviz@gmail.com;64
433;Justin;gjqqevqz@outlook.com;64
434;Kristin;ogfbycec@outlook.com;84
435;Sandra;eagxdqxr@gmail.com;27
436;Levi;ktuoxjey@gmail.com;43
437;Jennifer;gqwvtmho@hotmail.com;72
438;Tammy;hzzkrnmo@hotmail.com;71
439;Roy;ucchxccw@yahoo.com;62
440;Kristen;attoflfx@hotmail.com;45
441;Brittany;yjgrwtfd@gmail.com;44
442;Sandra;emdmblaz@outlook.com;75
443;Gregory;ttljcceq@yahoo.com;37
444;Vanessa;vjsiqyqv@gmail.com;74
445;Donald;wqwzmwhy@hotmail.com;22
446;Jason;qbnsxlek@gmail.com;55
447;Carol;lwcmkgmc@outlook.com;85
448;Shannon;chkduarm@yahoo.com;57
449;Rhonda;bkqlbedu@hotmail.com;91
450;Holly;dyluttxg@yahoo.com;48
451;Jean;rxslwpik@hotmail.com;42
452;Danielle;ivfosgia@yahoo.com;45
453;Charles;wvxcybyl@hotmail.com;27
454;Rachel;lcyqipux@gmail.com;33
455;Julie;dcgibkem@gmail.com;88
456;Richard;jtlljljy@hotmail.com;91
457;Cody;ewsjdyft@gmail.com;85
458;Scott;auxdjkfd@outlook.com;33
459;Matthew;gxmuxqgj@hotmail.com;38
460;Sharon;upvqjoaw@outlook.com;52
461;Matthew;edxrljjv@hotmail.com;39
462;Kelly;oflxurjn@yahoo.com;76
463;Steven;bshsdtbl@hotmail.com;63
464;Eric;dklkotvq@yahoo.com;46
465;Christopher;ocpqjnvz@gmail.com;47
466;Keith;fxhtyybe@gmail.com;79
467;Alexander;cmmnkdje@outlook.com;84
468;Joseph;cbamhkim@gmail.com;27
469;Daniel;crceukqi@outlook.com;85
470;Evelyn;ptwoqtnt@yahoo.com;58
471;Tracie;tczycljp@yahoo.com;50
472;Sarah;savrepbz@yahoo.com;58
473;Michael;giquvbok@gmail.com;53
474;Karina;tvfdzxym@yahoo.com;15
475;Stephanie;yesaiphs@gmail.com;50
476;Antonio;ybaktnhb@gmail.com;59
477;Andrea;sbaqpohf@hotmail.com;90
478;Lindsay;pxwqqtol@yahoo.com;49
479;Christine;qwswxiuv@gmail.com;44
480;Amanda;bxezcegn@outlook.com;43
481;Diana;amqwbtea@outlook.com;37
482;John;beomihgr@outlook.com;43
483;Michelle;hrslseor@outlook.com;85
484;Craig;xtgkcvtd@yahoo.com;43
485;John;himmsgpf@hotmail.com;24
486;Kathleen;wmnpsscg@hotmail.com;45
487;Luis;enrjqarr@gmail.com;39
488;Cody;bfamaiyy@outlook.com;19
489;Chad;nwnysddx@yahoo.com;74
490;Mark;yoygsqsj@gmail.com;57
491;Aaron;docprgle@hotmail.com;38
492;April;hlhhwisw@outlook.com;68
493;Steven;ahdbsszu@gmail.com;41
494;Chelsea;evqkjbke@yahoo.com;31
495;Elizabeth;ieggusvs@outlook.com;35
496;Christopher;zmqhzryu@hotmail.com;82
497;Rhonda;hkmwwffl@hotmail.com;52
498;Brett;nrzkwfks@hotmail.com;33
499;Evan;nmfefzkd@outlook.com;33
500;Duane;ornimdro@outlook.com;30
501;Justin;uoiccrzy@hotmail.com;75
502;Barbara;zkpjsbgb@gmail.com;77
503;Cassandra;zmteargg@hotmail.com;21
504;Shane;hrmooxkq@yahoo.com;28
505;Matthew;bdsjujhe@outlook.com;62
506;Jeanne;vwmverjq@hotmail.com;25
507;Brent;zzdtpayy@gmail.com;82
508;Rachel;umreomej@gmail.com;24
509;Clifford;ukffaikq@hotmail.com;54
510;Melissa;qcdkshgi@yahoo.com;66
511;Linda;tsyhhnnv@yahoo.com;74
512;Roberta;hqnsmhal@outlook.com;70
513;Betty;emsutmjm@outlook.com;88
514;Brandon;ybjgbsti@yahoo.com;38
515;Daniel;vthkfkaa@yahoo.com;94
516;Mary;jxxyuoic@outlook.com;60
517;Wayne;nqhrfqqd@hotmail.com;20
518;Jennifer;qxzzbqeq@yahoo.com;42
519;Brandon;qwfqcsdf@gmail.com;19
520;Thomas;hzmpejsi@gmail.com;29
521;Clayton;gscmlhzf@gmail.com;68
522;Willie;pnxnhbjn@hotmail.com;33
523;Corey;osrbevux@hotmail.com;68
524;William;spvsyxdv@outlook.com;76
525;Charles;ctbazyua@yahoo.com;68
526;Deborah;fcbldfta@yahoo.com;32
527;Richard;uwytlqjo@yahoo.com;24
528;Matthew;msbxtgto@gmail.com;45
529;Angela;jgizxvxs@hotmail.com;41
530;Erica;ikytveog@yahoo.com;94
531;Debbie;vzrzftjl@outlook.com;55
532;Jamie;dbwgwywr@gmail.com;70
533;Patrick;slfmqmhx@outlook.com;46
534;Thomas;nhjgnxuc@yahoo.com;88
535;Teresa;bqkizubo@hotmail.com;90
536;Raymond;mvymqkjj@outlook.com;67
537;Timothy;fnrcpcbm@hotmail.com;48
538;Mark;rdjbdvrm@hotmail.com;72
539;Michael;wpgheron@outlook.com;71
540;Destiny;nwxaufta@gmail.com;31
541;Stacy;dgvocpvm@gmail.com;87
542;Sara;knwugeiv@outlook.com;16
543;Michelle;xysnjkao@hotmail.com;24
544;Angela;zuflvuhm@gmail.com;46
545;Mary;pfflapaz@outlook.com;35
546;Rachel;jbbvvglz@hotmail.com;34
547;Anthony;fxpzxnmm@yahoo.com;34
548;Paul;bwwhnzhn@hotmail.com;81
549;Alexis;zraaicmd@gmail.com;68
550;Christopher;uveabuxt@hotmail.com;51
551;Steven;jhxcxuyt@yahoo.com;36
552;Robert;ptjucxdw@hotmail.com;80
553;Kelly;jsegqtst@hotmail.com;49
554;Omar;llnahcqt@gmail.com;16
555;Jimmy;qmvzxqcj@outlook.com;33
556;Michelle;caprupks@outlook.com;53
557;Austin;vcillnwu@yahoo.com;52
558;Kelly;desdekso@yahoo.com;38
559;Charles;ubktfjak@gmail.com;83
560;Amanda;jhpdzlfz@yahoo.com;44
561;Connie;vyxdxine@outlook.com;32
562;Pam;swdrgvuc@yahoo.com;91
563;Jason;wfmoewcu@yahoo.com;42
564;Katherine;tdtkjqjv@hotmail.com;91
565;Sean;fqtqkzsc@yahoo.com;77
566;Patrick;nrsgogyw@hotmail.com;75
567;Tabitha;gcneabil@hotmail.com;40
568;Jessica;vffhbcuy@yahoo.com;56
569;Renee;plefhwlv@yahoo.com;73
570;Andrew;yrpkfrgq@gmail.com;18
571;George;bqeprxnk@hotmail.com;91
572;Daniel;vnvlrkeb@hotmail.com;37
573;Kurt;yhrnnyzq@yahoo.com;51
574;Laurie;hhtaqlai@hotmail.com;42
575;Cristian;vdjlkmiy@yahoo.com;52
576;Gloria;exonvzuf@outlook.com;24
577;Victor;dbqruhtk@outlook.com;86
578;David;wrlhnnxx@hotmail.com;21
579;Annette;anxbplvv@gmail.com;24
580;Sarah;ybdainkj@gmail.com;29
581;Cody;jlwozdhw@yahoo.com;20
582;Anthony;nywdlzre@hotmail.com;21
583;Frank;okxuxiil@gmail.com;76
584;Matthew;ytlosgny@hotmail.com;55
585;Anna;qzkczffa@yahoo.com;58
586;Michael;gwhisfim@outlook.com;15
587;Jesse;alqctceu@yahoo.com;74
588;Daniel;pnshyggq@hotmail.com;29
589;Bradley;pxxhgcsx@gmail.com;33
590;Anna;xwhrslrl@outlook.com;85
591;Annette;jvfipsmm@yahoo.com;59
592;James;paqawhva@outlook.com;16
593;Zachary;nterlgtt@outlook.com;70
594;Susan;foaerqim@gmail.com;45
595;Christine;avepybgt@gmail.com;25
596;Dana;juuamxhd@yahoo.com;93
597;Melissa;homwcuvl@hotmail.com;50
598;Christie;uotpahkg@outlook.com;28
599;Brenda;ymwvxmzd@yahoo.com;17
600;Austin;qatfdcqh@hotmail.com;42
601;Destiny;mssfewcc@outlook.com;48
602;Robert;betxbuuf@yahoo.com;30
603;Dorothy;bxriexaa@gmail.com;67
604;Don;tszjudnd@yahoo.com;72
605;Douglas;slqmdxru@gmail.com;66
606;Lori;fuktvsfe@yahoo.com;59
607;Clifford;hmlltbsn@yahoo.com;49
608;Jonathan;dryxcekv@gmail.com;68
609;Joseph;wgovchsx@gmail.com;59
610;Alexander;upxxlrvy@outlook.com;53
611;Phillip;sesmzrqm@hotmail.com;67
612;Amy;ivrbzrli@outlook.com;87
613;Matthew;anzwusyo@hotmail.com;44
614;Allison;ilirqjrx@outlook.com;73
615;Kendra;utjjgbjl@hotmail.com;86
616;Sara;eqbjjlol@gmail.com;44
617;David;ojenpjrh@yahoo.com;83
618;Tina;lxtpounc@gmail.com;66
619;Nathan;pugddesf@outlook.com;24
620;Brandi;tiakuiha@outlook.com;73
621;Melissa;eetcvemf@outlook.com;91
622;Brian;zdlqnlor@hotmail.com;24
623;Wendy;kmcycixa@yahoo.com;32
624;Kenneth;ikwoakns@outlook.com;94
625;Brian;nbgfpcor@outlook.com;23
626;Ashley;rjzynxog@hotmail.com;84
627;Tyler;sfshiuce@gmail.com;46
628;Louis;nzwfeayl@hotmail.com;63
629;Wendy;giqmnajx@hotmail.com;30
630;Maria;loddjooc@yahoo.com;32
631;Holly;uncmhyuv@outlook.com;47
632;William;yoeeehcm@gmail.com;39
633;Stephanie;tzvgwpdh@gmail.com;38
634;Anthony;oqbkcfhj@yahoo.com;91
635;Justin;ccspulzh@outlook.com;20
636;Gina;uyoejxrw@hotmail.com;86
637;Michelle;lsuapwpy@outlook.com;47
638;Steven;mcjojmfu@gmail.com;88
639;Holly;sevbvvqr@hotmail.com;38
640;Tyler;onkdwafk@gmail.com;53
641;John;mrfysztg@outlook.com;62
642;Donna;fkgzxmvg@hotmail.com;21
643;Brandon;padipwvk@hotmail.com;24
644;Courtney;hwragmxr@hotmail.com;59
645;Suzanne;jxzglhvm@outlook.com;30
646;Crystal;caihoqlr@yahoo.com;84
647;Timothy;giphygmu@gmail.com;70
648;Victoria;itphkmxz@yahoo.com;75
649;Andrew;dqvzpgzt@gmail.com;66
650;William;nwbnwsqc@hotmail.com;67
651;Michael;zfddusvw@yahoo.com;37
652;Mark;yijbmqzt@gmail.com;36
653;Deborah;ncnxhfsh@outlook.com;62
654;Kevin;opammjvh@hotmail.com;67
655;Christopher;kgaofora@gmail.com;56
656;Sara;izwzrndv@outlook.com;77
657;Micheal;aqytusyd@hotmail.com;25
658;James;cckwrifj@hotmail.com;59
659;Roger;sjqqvmut@outlook.com;23
660;Joshua;brlykkwn@gmail.com;24
661;Amanda;nljmmbbq@gmail.com;56
662;Nicholas;dmcsgqoq@gmail.com;20
663;Deanna;oplevaas@yahoo.com;22
664;Douglas;pyzniofn@outlook.com;28
665;Audrey;rilfngjo@outlook.com;54
666;Robert;owledjxw@outlook.com;76
667;Andrew;jiqiivds@yahoo.com;92
668;Brandon;hcuahpos@outlook.com;57
669;Andrea;qbdmavbr@yahoo.com;25
670;Taylor;odlucnyw@gmail.com;62
671;Debra;unaovkbx@yahoo.com;37
672;Cynthia;eanyrewz@yahoo.com;86
673;Mary;nhpuozhw@hotmail.com;89
674;Julie;qthpbocc@yahoo.com;77
675;Thomas;gkohikhd@outlook.com;48
676;Mary;xkmqroxz@hotmail.com;40
677;Michael;ovlqhdpb@outlook.com;91
678;William;bjislddx@gmail.com;38
679;James;jcvyrjhd@gmail.com;84
680;William;qiiyehcr@gmail.com;89
681;Kristin;bmtxxldb@gmail.com;68
682;Gina;tpzkpdor@yahoo.com;23
683;Bradley;rnokcxdg@hotmail.com;87
684;Charles;daeabwlh@outlook.com;37
685;Antonio;fyseandx@hotmail.com;77
686;Jackson;jmxmooni@hotmail.com;58
687;Steven;vqjenfls@yahoo.com;92
688;Steven;dbeqkhqh@gmail.com;28
689;Juan;lmbsbnjr@gmail.com;15
690;Susan;ehfkexct@yahoo.com;88
691;Elizabeth;zrqjkgbp@yahoo.com;47
692;John;tbohxyus@hotmail.com;28
693;Charles;zefjyklz@gmail.com;88
694;Melissa;ppelsxgp@outlook.com;19
695;Jeremy;hnrynrpk@outlook.com;66
696;William;toezqjtg@hotmail.com;60
697;Kelly;hcbdztyj@outlook.com;84
698;Kimberly;bostnlts@yahoo.com;92
699;Carolyn;wzyxsfsd@yahoo.com;36
700;Patrick;zavclejz@yahoo.com;58
701;Katherine;egoiovpb@outlook.com;67
702;Paul;eonaybfk@yahoo.com;18
703;John;vgiyvtrh@gmail.com;46
704;Jacob;gfwgofwe@hotmail.com;58
705;James;ekkkzvtn@yahoo.com;19
706;Scott;srebpvcx@yahoo.com;24
707;James;mpgxptgv@hotmail.com;91
708;Robin;kgbzrazm@hotmail.com;69
709;Jason;ozawcfxi@yahoo.com;87
710;Ronnie;cabanzls@hotmail.com;38
711;John;iiwbljuy@gmail.com;23
712;Sean;hanwsqyr@yahoo.com;89
713;Joseph;dekunuwx@yahoo.com;25
714;John;aabounjg@yahoo.com;29
715;Scott;cwyoqwuo@yahoo.com;90
716;Holly;xsybumcd@gmail.com;94
717;Anthony;rgdnhhhk@yahoo.com;56
718;Jennifer;ztqqxkhx@yahoo.com;40
719;Lori;xllfredb@yahoo.com;77
720;Matthew;xciegyck@hotmail.com;46
721;Susan;qsolonds@yahoo.com;28
722;Olivia;uyhrfywc@gmail.com;22
723;Robert;wzsfalhv@outlook.com;95
724;Jason;dwavmjzq@hotmail.com;27
725;Meghan;elcwhvhv@yahoo.com;36
726;Steven;eynifhoq@hotmail.com;95
727;Keith;mkiluhtl@gmail.com;18
728;Sarah;muozdfnp@yahoo.com;63
729;Katherine;svmwlgeb@outlook.com;39
730;Thomas;mnjbqjxd@gmail.com;51
731;Brianna;gqtibidz@outlook.com;55
732;Jennifer;lrfanvsv@gmail.com;54
733;David;hwuudind@yahoo.com;40
734;Brandon;surjlrlp@outlook.com;75
735;Mary;fgvwctyf@hotmail.com;90
736;Danielle;njmxbzkg@gmail.com;79
737;Elizabeth;rfaectac@gmail.com;31
738;Christopher;opouownz@gmail.com;54
739;Michael;nlfueqtt@gmail.com;44
740;Lisa;vrxbmpdu@gmail.com;84
741;Cynthia;eoqjgdpv@hotmail.com;53
742;Kathleen;pwdtcvou@outlook.com;80
743;Patrick;owjqgaxi@hotmail.com;67
744;Mary;xqdtljcz@outlook.com;26
745;Jacqueline;yanatygd@outlook.com;39
746;Bobby;bctmhbbn@hotmail.com;43
747;Haley;aqgujtwx@gmail.com;54
748;Breanna;vlxkgqzg@outlook.com;53
749;Marco;zsgsjgjk@gmail.com;56
750;Gina;nykjvzgl@hotmail.com;26
751;Matthew;tegpapqq@outlook.com;84
752;Helen;sevzlaoi@gmail.com;63
753;Christine;fnjzrxcl@outlook.com;62
754;Lisa;xxkjnkug@yahoo.com;90
755;Victor;qimwvjrh@hotmail.com;80
756;Christopher;mliacbug@gmail.com;78
757;Keith;otvjmuim@outlook.com;55
758;John;srfcfnab@outlook.com;47
759;Eric;qzjsvxkn@hotmail.com;51
760;Scott;dakuctqb@hotmail.com;58
761;Lori;emvfpfxy@hotmail.com;54
762;Tyler;pxfzniut@hotmail.com;89
763;Susan;fpoamlaf@gmail.com;72
764;Preston;xcgjktgm@hotmail.com;44
765;Mackenzie;tftlinwy@yahoo.com;63
766;Brittany;ybcvcvkl@yahoo.com;29
767;Dawn;brjsymry@outlook.com;50
768;Emily;xcjsyyzc@hotmail.com;46
769;Philip;addqiran@hotmail.com;44
770;Ashley;eyvsdund@outlook.com;30
771;Rebecca;irkjhqfk@outlook.com;58
772;Russell;uwmtqnfx@yahoo.com;16
773;Spencer;ifzrdvke@hotmail.com;66
774;Timothy;lkmzygqk@hotmail.com;26
775;Jesse;msjdbypk@gmail.com;46
776;Jennifer;ermumncd@yahoo.com;77
777;Linda;eyqjyuin@hotmail.com;22
778;Kyle;vgkaehot@hotmail.com;87
779;James;wgxlnzlj@gmail.com;86
780;Patrick;fwtkwqqz@gmail.com;36
781;Samantha;pfrclnke@outlook.com;49
782;Kyle;bqqmqmfy@yahoo.com;61
783;Michelle;zhzookov@gmail.com;51
784;John;xnjjfntw@hotmail.com;81
785;Kristina;hgonbxcf@hotmail.com;77
786;Emily;ugcxssen@hotmail.com;68
787;Ashley;vercqilw@yahoo.com;52
788;Pamela;nukwlnov@outlook.com;32
789;Stephanie;uhaldrcc@yahoo.com;81
790;Chad;mgbtclpb@gmail.com;86
791;Cassandra;cfecvmip@hotmail.com;57
792;Christopher;cufplqsc@outlook.com;39
793;Christina;gmafpnnc@gmail.com;88
794;Julia;orrvthnd@outlook.com;89
795;Jane;nfkwswzd@gmail.com;53
796;Debra;xturjxst@hotmail.com;40
797;Stephen;mrbboqrz@yahoo.com;35
798;Frank;gprdenxu@yahoo.com;43
799;Valerie;wafhegsj@gmail.com;52
800;Michelle;rjalspqu@yahoo.com;82
801;William;cddjyizr@hotmail.com;60
802;Margaret;ccuhdnno@yahoo.com;32
803;Donna;mmtoqdjg@hotmail.com;17
804;Sheila;obhrmevh@gmail.com;46
805;Anthony;pmdeomzv@yahoo.com;46
806;Robin;vvsztqkf@hotmail.com;50
807;Jeremy;elpuxvjm@outlook.com;83
808;Janet;fxczxdru@outlook.com;63
809;William;kzrophjy@outlook.com;63
810;Victor;bpjlhzic@yahoo.com;32
811;Kelly;tfsxddsh@gmail.com;55
812;Melanie;herfhsoh@hotmail.com;30
813;Gregory;eaqtenvn@yahoo.com;15
814;Jessica;drhuzcog@outlook.com;53
815;Jocelyn;yofjqpnw@yahoo.com;27
816;Shawn;nnqvlrdf@outlook.com;47
817;Vanessa;vherqyls@yahoo.com;92
818;Denise;kxdqymhr@yahoo.com;83
819;Brian;tcxcrahh@gmail.com;25
820;Arthur;khauorhk@yahoo.com;52
821;John;uhaxgfsp@gmail.com;56
822;Maria;qimuykzd@yahoo.com;19
823;Terri;cjaekypx@gmail.com;22
824;Jessica;dafneubw@gmail.com;80
825;Bernard;cghbidiw@outlook.com;56
826;Michael;akhtictx@outlook.com;37
827;Jennifer;ulywtlce@outlook.com;50
828;Raymond;pcfqnclo@hotmail.com;87
829;Anthony;cwlwkcia@hotmail.com;16
830;Kenneth;ksllznuv@outlook.com;16
831;John;tpvtfvmv@yahoo.com;23
832;Briana;edgssumq@yahoo.com;51
833;Stephanie;kypaksvt@hotmail.com;36
834;Christopher;ipngahrk@gmail.com;84
835;Dana;ilyxocui@yahoo.com;23
836;Greg;yfojfbim@gmail.com;40
837;Christopher;mrfggjpr@hotmail.com;77
838;Nathan;gtarmaur@hotmail.com;59
839;Hunter;bxonfmao@yahoo.com;53
840;Kristen;bglcykyo@hotmail.com;73
841;Kenneth;asjzjrxw@yahoo.com;25
842;Adam;qnpkdwmi@yahoo.com;50
843;Andrew;kibvrkmc@gmail.com;76
844;Rachel;cyotmkju@outlook.com;58
845;Justin;luvgzxdw@yahoo.com;33
846;John;yumesagu@yahoo.com;36
847;Jessica;obahmgxu@outlook.com;69
848;Michael;yubzscdb@hotmail.com;64
849;Paul;wkuypets@yahoo.com;54
850;Tommy;qssolmms@gmail.com;16
851;John;nrywbbbp@hotmail.com;65
852;Brittany;mjoiaikb@gmail.com;41
853;Ann;ruvdkkgv@yahoo.com;39
854;Breanna;gzqjznix@gmail.com;31
855;Barbara;hiqjezpi@outlook.com;73
856;Mallory;cxhzumem@yahoo.com;61
857;Caitlin;xzvxxocf@gmail.com;58
858;Amy;bnvmiucj@yahoo.com;77
859;Matthew;vjihcwfk@yahoo.com;88
860;James;disiaalx@outlook.com;83
861;Christopher;dojtfnys@yahoo.com;39
862;Jorge;yyymjxks@yahoo.com;52
863;Ryan;sfxokfxu@gmail.com;20
864;John;dfsiyksa@hotmail.com;90
865;Christopher;etipfwtf@yahoo.com;95
866;Peter;qvfeiyag@outlook.com;64
867;Jeffrey;avkjhfzq@gmail.com;63
868;Angel;xaenlieu@outlook.com;58
869;Sheena;qedyewqw@gmail.com;77
870;Vickie;jhlvgrdw@hotmail.com;85
871;Jennifer;flthyisn@hotmail.com;35
872;Amanda;lgghslrn@hotmail.com;92
873;Tina;jymirvsw@hotmail.com;82
874;Elizabeth;wexbgbcm@gmail.com;32
875;David;uhhmcqzd@gmail.com;18
876;Tracey;gndjbdor@yahoo.com;20
877;Kathryn;scwyguwu@outlook.com;59
878;Timothy;hxqzkbxr@hotmail.com;40
879;Gloria;elecvzpy@yahoo.com;68
880;April;pxxwhyye@gmail.com;56
881;Catherine;fmtgxfdc@outlook.com;41
882;Nicole;vodpepod@gmail.com;54
883;Angela;xnyuujif@yahoo.com;64
884;Cassidy;qirhkgri@yahoo.com;18
885;Sue;faplfhlj@outlook.com;90
886;Leah;qhoezpxc@yahoo.com;95
887;Wendy;egyprjmj@gmail.com;35
888;Shawn;aszwrmqq@gmail.com;93
889;Adam;gqsejsaw@hotmail.com;72
890;Linda;cwlzhzgw@yahoo.com;67
891;Jennifer;slaurwiw@hotmail.com;24
892;Renee;bsdyvxxl@hotmail.com;46
893;Justin;bgvcjzrm@yahoo.com;91
894;Amanda;dzdfrabx@gmail.com;74
895;Nicholas;btzswcdn@hotmail.com;83
896;Kendra;rjfgbzif@hotmail.com;58
897;Deanna;ddroxdck@hotmail.com;87
898;Shelby;kujiacgl@hotmail.com;58
899;Anthony;ocpaiard@hotmail.com;64
900;Aaron;fxwivsrm@outlook.com;45
901;John;tplcocuk@gmail.com;81
902;Robert;kmqweilp@yahoo.com;83
903;David;bzpuomoj@gmail.com;15
904;Travis;vruockwd@outlook.com;19
905;Lisa;pbopgvau@yahoo.com;95
906;Cynthia;bbaoffaj@gmail.com;68
907;Jessica;splshjsi@hotmail.com;79
908;Aaron;yydusqdw@outlook.com;92
909;Gabrielle;xfdhyazf@outlook.com;43
910;Douglas;fwayjtkt@hotmail.com;69
911;Kelsey;cbiktsto@yahoo.com;61
912;William;gzskfgbp@gmail.com;81
913;Robert;zchncwnq@hotmail.com;21
914;Ann;jiydklvu@outlook.com;80
915;Chad;ikatmxpe@gmail.com;85
916;Jessica;zatlwqrh@hotmail.com;92
917;Erin;xhfzuuud@gmail.com;44
918;Joseph;sejgsmjn@yahoo.com;71
919;Nancy;zgquvudo@outlook.com;57
920;Mitchell;nkgplhlk@gmail.com;26
921;Andrea;ojxjaypu@hotmail.com;66
922;Joshua;cpilwbgp@yahoo.com;89
923;Carlos;kcvrglnp@yahoo.com;37
924;Carolyn;vglzvbzp@outlook.com;71
925;Tracy;kbicqttr@hotmail.com;40
926;Nicholas;bqwufbgx@outlook.com;80
927;Dawn;wzrhkglf@hotmail.com;71
928;Stacey;ogbnjcnr@gmail.com;63
929;Daniel;kjfasyfv@yahoo.com;56
930;Emma;fkjwsuci@outlook.com;34
931;Christy;azzasusa@outlook.com;82
932;Charles;rvfmvhhz@gmail.com;39
933;Kathleen;xqtehjra@hotmail.com;95
934;Emily;oacejnjl@yahoo.com;39
935;Jeffery;vkqccmmf@gmail.com;74
936;Rachel;mnrrrzel@yahoo.com;86
937;Margaret;mrmzvfyx@gmail.com;29
938;Amy;zdfodwvw@gmail.com;77
939;Tonya;ywcxiodd@hotmail.com;77
940;Garrett;uvyojpls@outlook.com;18
941;Tiffany;cjeapubn@yahoo.com;53
942;April;yzhpmgup@gmail.com;74
943;Ashley;eefqkilt@hotmail.com;85
944;Jeff;jxfnnroq@hotmail.com;61
945;Amy;ljjfvrun@yahoo.com;84
946;Mark;wrnhjgiu@yahoo.com;50
947;Samuel;xqaaoxyq@yahoo.com;39
948;Cameron;lhbhldfv@gmail.com;59
949;Benjamin;vimhssnw@outlook.com;29
950;Steven;vipfebdl@yahoo.com;21
951;Gabriel;twixuzef@yahoo.com;80
952;Jamie;aaklpkcn@hotmail.com;26
953;Steve;elkevhlm@yahoo.com;74
954;Tammie;ctknyqjo@outlook.com;74
955;Donna;dixtgboq@hotmail.com;74
956;Jeffrey;szjpflyq@gmail.com;84
957;Daniel;zgdkvymx@hotmail.com;37
958;Stephen;iesdgfjp@gmail.com;23
959;Kimberly;ficehmge@hotmail.com;76
960;Pamela;fnrvptof@yahoo.com;34
961;Larry;hraqcebc@yahoo.com;29
962;Robert;rytuafxd@outlook.com;64
963;Victoria;jwzntdss@outlook.com;89
964;Wanda;hbzhcbhe@outlook.com;87
965;Brian;kgmjsrbl@yahoo.com;31
966;Christopher;rsuthdrt@gmail.com;70
967;Austin;qxnwlvdg@yahoo.com;40
968;Amy;iplzcbzy@yahoo.com;86
969;Amy;xyqadglg@hotmail.com;67
970;Benjamin;ocdasmqv@outlook.com;87
971;Joel;uiglcpde@outlook.com;60
972;Richard;cdlolini@yahoo.com;34
973;Shane;syxlzcju@yahoo.com;48
974;Gregory;zgkrfqnw@hotmail.com;42
975;Jennifer;vaxwzajx@gmail.com;22
976;Tracie;ldihctts@outlook.com;56
977;Daniel;aygdhykr@outlook.com;16
978;Shelia;ankjkghv@gmail.com;42
979;Brenda;tjqegzwm@hotmail.com;55
980;Adam;iaxazpna@hotmail.com;63
981;Diana;ngpzyqvy@gmail.com;66
982;Albert;bhpwmdsz@hotmail.com;53
983;David;ipucibey@outlook.com;61
984;Kaitlyn;llmqvahy@yahoo.com;38
985;Scott;qmucyuvx@outlook.com;88
986;Megan;nuxplkzk@yahoo.com;55
987;James;tvxunriy@hotmail.com;67
988;Benjamin;iymscmbs@hotmail.com;69
989;April;gofxdclt@hotmail.com;50
990;Jane;ocyczesa@hotmail.com;72
991;Jay;kxdjizeo@gmail.com;16
992;Marissa;ppeivcny@hotmail.com;89
993;Darryl;myophstp@outlook.com;30
994;Brittany;ujpglkmj@hotmail.com;31
995;Christopher;gredceul@yahoo.com;71
996;Ashlee;tnsifgyi@gmail.com;67
997;Andrew;pvhmciwb@outlook.com;91
998;Micheal;jmaaygiy@outlook.com;66
999;April;eclyolut@hotmail.com;69
1000;Carolyn;ufjyzmge@gmail.com;42
